Channel_Name,Total_Subscribers,Total_Views,Total_Videos
Puzzle guy,2560000,1606646524,909
MenT,1540000,908824633,3043
Игорь Линк,1250000,243667065,465
HONEST GUIDE,1390000,166238672,233
Jirka Král,1110000,374752641,1167
Silvie Mahdal,2630000,432828732,123
Godzu,1070000,490102008,3727
PedrosGame,1000000,375439369,2826
RC T4K,1000000,510350458,1784
DIY crafts from A4 PAPER,1220000,213770132,181
Adam Something,1280000,141640723,131
Kovy,977000,258733423,324
Baxtrix,890000,776495799,2119
TVTwixx,879000,386086872,978
FattyPillowTV,858000,269348746,1343
FIZIstyle,1160000,731147776,486
Porty,940000,394376212,1606
Wedry,765000,339703531,2097
ViralBrothers SHOW,1040000,552289002,83
PLASMO - plastic models,750000,116117924,256
United Music Events,849000,487001456,1573
TopTrending CZ,687000,346732001,1300
SirYakari,866000,617541821,608
Radio Free Europe/Radio Liberty,799000,534559315,9632
Suara Injil,731000,132008844,2398
Tractors Chemer,850000,328085120,376
Agraelus,631000,413787810,3315
petangames,648000,223736787,1102
NejFake,605000,157207744,1679
Ben Cristovao,636000,431773681,193
MR.GAMING,571000,61814792,855
Milion Plus,619000,673428169,818
atomic marvel,786000,249873804,60
AtiShow,593000,159455002,885
Slza,557000,334728992,100
Jmenuju Se Martin,531000,106297115,232
Alexander Zakshevsky,1240000,379892684,2737
FILMY ČESKY,626000,171442360,799
Hendysovo Doupě,522000,194203221,1571
КАК БЫТЬ ЗДОРОВЫМ,502000,29792153,1937
Smusa,487000,46197267,45
SmusaGames,505000,149468218,1154
Anna Sulc,490000,160834951,288
Blakkwood Records,507000,539648711,1595
Aik & Johanka,514000,218182085,402
Frenchcore Hardcore,530000,300935680,1554
DJ Wich,463000,306040226,483
Stay12,525000,193467527,681
nadjib haffaf,456000,100385091,914
Kluci z Prahy,581000,120698137,253
Mr. Michal,1100000,487159800,108
EvilBender47,474000,218911612,693
Vidrail,498000,95608918,439
Pat a Mat,533000,218650272,63
Crafák,416000,68090936,1175
Adam Ondra,574000,80404043,267
PROJEKT CREEP,471000,207551442,388
Alex Moukala Music,443000,38452429,148
Bé Hà Stylewithme,404000,85254670,331
GetTheLouk,391000,142492454,977
Sterakdary,400000,193590839,3069
BESPREDEL,494000,155959222,41
Carrie Kirsten,392000,1086559,1
MaTTem,536000,205194150,627
Svět podle Katky,356000,87858551,454
FactsForYou,351000,182251703,243
SCS Software,402000,87067390,677
MarleyKKT,397000,74226546,236
Attack,626000,237644323,899
JanBendigOfficial,398000,209059308,142
Veronika Spurná,330000,102298126,258
TOP veci do 2 minut,371000,272543414,1452
Alkanhraje,428000,310768801,2927
Prague Cello Quartet,346000,46822144,12
N3roGames,367000,118387732,1826
PIERRE XO,294000,5335284,40
TOP Topics,329000,24642703,99
tynikdy,325000,370758434,1490
Pokáčovo Kanál,370000,278350274,338
RoUmEan Channel,311000,216123379,685
Johnny Valda,307000,49075880,335
Brain Blaze,466000,119686996,683
The Casual Criminalist,610000,110717881,398
Jon Marianek,1000000,285735079,985
diradosveta,340000,34338955,33
rady,325000,68474381,574
Boris GameX,317000,206648353,125
Dadusak,473000,125091421,108
L E A,299000,184928125,1077
Štístko a Poupěnka,383000,595660552,159
Totalfilm.cz,323000,369931411,7770
ZEK,326000,109509764,1109
Ondra Vlček,293000,98721934,695
Disney Channel Česká republika,348000,210015718,2169
Tvoje tvář má známý hlas,283000,282092024,1004
Алексей Ворон,414000,72373782,4954
SýrYakari,354000,90663387,211
Lime Apple Kids,258000,14343,71
JenTheGayLord,263000,145035173,165
Jakub Destro,387000,133997053,1624
