Channel_Name,Total_Subscribers,Total_Views,Total_Videos,Engagement_Rate
Puzzle guy,2560000,1607531237,916,5.19%
MenT,1540000,909996312,3045,8.49%
Игорь Линк,1250000,244281413,466,6.79%
HONEST GUIDE,1400000,166736190,235,4.14%
Jirka Král,1110000,374807720,1167,6.94%
Silvie Mahdal,2640000,435113553,125,7.23%
Godzu,1070000,490568076,3743,3.30%
PedrosGame,1000000,375640999,2827,7.50%
RC T4K,1000000,510742639,1790,1.84%
DIY crafts from A4 PAPER,1220000,215113689,181,1.10%
Adam Something,1280000,142693193,133,6.76%
Kovy,977000,259017214,324,6.83%
Baxtrix,890000,776715265,2119,8.02%
TVTwixx,879000,385957120,979,4.89%
FattyPillowTV,859000,270324626,1356,5.40%
FIZIstyle,1160000,733687815,488,2.68%
Porty,943000,395901573,1615,5.12%
Wedry,765000,340808652,2108,9.28%
ViralBrothers SHOW,1040000,552835963,83,2.13%
PLASMO - plastic models,750000,116229896,256,4.85%
United Music Events,852000,489462314,1591,7.06%
TopTrending CZ,688000,347261260,1308,5.42%
SirYakari,869000,620424562,611,4.85%
Radio Free Europe/Radio Liberty,800000,535214520,9649,4.84%
Suara Injil,733000,132780332,2413,14.87%
Tractors Chemer,851000,329042274,379,0.92%
Agraelus,632000,414085452,3315,7.94%
petangames,648000,223990286,1102,6.98%
NejFake,605000,157227993,1679,8.37%
Ben Cristovao,637000,436155765,193,2.24%
MR.GAMING,570000,61824034,855,6.53%
Milion Plus,620000,675203716,819,4.74%
atomic marvel,791000,251679154,60,1.82%
AtiShow,594000,160072796,887,5.97%
Slza,557000,334728992,100,4.30%
Jmenuju Se Martin,531000,106307324,232,8.52%
Alexander Zakshevsky,1250000,383819356,2780,13.01%
FILMY ČESKY,629000,173253753,807,1.49%
Hendysovo Doupě,522000,194387674,1572,6.07%
КАК БЫТЬ ЗДОРОВЫМ,502000,29577047,1834,5.30%
Smusa,487000,46237299,45,5.44%
SmusaGames,506000,149904622,1157,9.91%
Anna Sulc,490000,161029715,289,3.87%
Blakkwood Records,508000,540980869,1600,2.84%
Aik & Johanka,515000,218942798,403,3.97%
Frenchcore Hardcore,531000,302462348,1559,4.67%
DJ Wich,465000,306926958,483,3.47%
Stay12,526000,194132121,684,8.33%
nadjib haffaf,456000,100434589,914,3.94%
Kluci z Prahy,582000,121690237,255,4.44%
Mr. Michal,1120000,501316827,110,3.32%
EvilBender47,474000,219367076,693,6.89%
Vidrail,500000,96463503,441,8.19%
Pat a Mat,535000,219543902,63,0.44%
Crafák,416000,68099463,1175,4.91%
Adam Ondra,576000,80754770,269,3.22%
PROJEKT CREEP,471000,208391765,389,5.31%
Alex Moukala Music,443000,38506048,148,6.12%
Bé Hà Stylewithme,404000,85304798,332,4.72%
GetTheLouk,391000,142504502,977,4.14%
Sterakdary,400000,194323811,3085,5.56%
BESPREDEL,495000,156290173,41,1.97%
Carrie Kirsten,392000,1086559,1,3.40%
MaTTem,537000,206080021,627,6.64%
Svět podle Katky,356000,87883271,454,5.79%
FactsForYou,351000,182276466,243,0.96%
SCS Software,402000,87263804,684,6.10%
MarleyKKT,397000,74419732,236,5.69%
Attack,629000,239488371,901,3.40%
JanBendigOfficial,400000,209059308,144,2.21%
Veronika Spurná,330000,102314710,258,5.25%
TOP veci do 2 minut,372000,272947239,1457,7.36%
Alkanhraje,430000,313489638,2952,6.50%
Prague Cello Quartet,347000,47061781,12,2.06%
N3roGames,368000,118849517,1838,6.47%
PIERRE XO,293000,5418020,42,9.07%
TOP Topics,329000,24724349,99,1.87%
tynikdy,325000,371590500,1504,2.82%
Pokáčovo Kanál,371000,281162712,341,2.74%
RoUmEan Channel,311000,216147937,685,6.32%
Johnny Valda,307000,49078429,335,3.48%
Brain Blaze,467000,120291693,693,6.61%
The Casual Criminalist,612000,111493068,399,4.71%
Jon Marianek,1010000,288695402,990,5.55%
diradosveta,340000,34380231,33,5.57%
rady,325000,68802943,580,5.07%
Boris GameX,317000,206785740,125,0.54%
Dadusak,475000,126371511,108,2.26%
L E A,299000,185134219,1081,3.92%
Štístko a Poupěnka,384000,602020437,160,0.09%
Totalfilm.cz,324000,371188763,7812,2.28%
ZEK,326000,109830032,1115,4.86%
Ondra Vlček,293000,98788317,695,4.47%
Disney Channel Česká republika,348000,210787493,2173,0.65%
Tvoje tvář má známý hlas,284000,282422595,1004,1.20%
Алексей Ворон,416000,72827423,5001,12.85%
SýrYakari,356000,91394495,213,5.45%
Lime Apple Kids,258000,14381,71,2.83%
JenTheGayLord,263000,145042735,165,2.26%
Jakub Destro,388000,135114491,1629,6.75%
